daty;LPP;Santander;AmRest;AsBis;KGHM;Mbank;Orange;Pekao;Debica;Budimex;Bumech;CCC;CIECH;Comarch;Develia;Dom Developm;Enea;Eurocash;Orlen;Grenevia;Azoty;Handlowy;ING;InterCars;Kerner;Millenium;Neuca;Polenergia;CD Projekt;KETY;WIG;WIBOR3M
2009-01-31;-5,1747924;-0,0730553;-3,75;-33,9254975;7,0395294;-30,2819526;2,8556098;-13,6324185;-6,3294088;8,6049142;0;4,1115716;2,0466777;-16,3924125;1,7286119;23,1610174;-19,4305862;-15,0353299;-12,9516026;-2,8492008;-8,2371322;-27,188398;-36,5100822;-1,8658596;26,0165773;-27,0847918;-17,0292107;8,43298;-15,5970215;0;-9,3401791;-17,3469388
2009-02-28;1,8035343;-17,2848061;-24,4805195;-47,7538375;13,4624104;-30,5852485;-10,3727698;-28,8970647;-4,2221246;-2,616325;-27,9520022;-7,9015544;-30,62923;-19,311291;-5,0819064;-33,8600408;30,3306129;-5,8183457;-8,029188;-4,8819742;33,6984487;-2,715464;-26,7432576;-30,2477771;12,2494777;-34,287812;-7,1318746;-11,5043822;-5,4377509;-0,248473;-12,1310572;-7,2016461
2009-03-31;-12,8119329;5,7012858;14,3020923;106,9461645;33,7945843;10,4100096;6,2171861;7,7398992;3,8297261;27,1102923;21,5741066;-17,2755652;44,0969069;40,9476225;26,7693155;37,7266114;-3,0638798;15,0574371;15,5300665;2,0492574;39,346002;9,7035932;6,0006055;42,9842697;-10,9127258;30,4340352;49,3844456;18,6864015;18,3966033;2,091439;10,8124182;-7,5388027
2009-04-30;5,2617393;33,1406467;19,3580742;38,3182258;29,8898894;43,6242547;-5,9676584;44,9076346;41,6066202;2,0351975;-9,5958599;22,6041883;34,4334057;14,1354695;47,903833;47,8287969;11,4998268;11,9665476;11,6876784;39,4067797;9,0272136;39,9456054;29,2471153;104,3487144;57,7265341;48,8929889;1,0429396;21,9476411;17,4725381;16,9382539;20,7292364;3,117506
2009-05-31;0,4967969;8,2339834;16,5966387;6,6292128;18,1100254;-2,5248847;-5,523091;-10,4113347;11,9198927;-0,1433351;-10,699412;2,2492052;-0,4672454;-1,8115725;25,722847;14,7076479;6,8188879;-0,0948074;9,0949258;35,4830184;21,3281177;-0,7681349;13,7585079;-5,0454535;43,1585144;-10,1522393;-4,1540106;0,7293781;2,4791579;2,2407086;1,0479486;7,4418605
2009-06-30;15,7649058;13,0313244;-0,9009009;-6,779036;16,2671153;16,3387298;0,5944103;5,6281196;-3,4844247;11,5606612;-11,1324594;7,4559227;-17,4443888;-7,691583;-4,5519275;2,0945083;2,4065726;3,0008079;-9,0314742;2,1459227;1,9190911;-3,47561;12,4441509;0,1976305;-9,7155586;21,2639149;28,8594149;-4,6954315;2,4106372;9,3730427;3,7387417;-3,8961039
2009-07-31;23,4023553;10,3772153;9,0909091;60,6127408;24,601804;12,8594876;-3,1265191;27,1493692;16,6758282;-2,2884758;-10,5092574;15,3732492;26,1923401;4,7483774;8,7348081;-7,6886933;17,8416755;19,4113473;7,8086243;18,8407181;4,3307976;17,9018835;41,2272822;29,8637706;26,5780983;40,0706771;4,8230633;2,9960053;37,8016421;6,6348341;15,9206417;-6,0810811
2009-08-31;14,1727042;5,4922833;39,1666667;45,284628;-1,0436202;29,5289282;8,1209856;0,2836527;-5,2554523;5,1898448;14,8281065;2,222578;26,7951005;24,1042639;19,7023516;26,9452726;16,9779492;17,808362;2,673923;0,8919245;4,1438059;7,7180045;17,5784117;18,7575183;0;22,250899;23,8290754;28,7197232;-14,851617;20,3081508;7,6368545;0,2398082
2009-09-30;-7,8831909;5,2174546;-8,8622754;-7,540721;0,9366575;-3,9589944;-1,8637302;4,0978685;9,5351245;9,3151894;-6,5083919;4,3537273;-3,5401788;-11,5391605;-4,2619748;-0,4457428;-0,8086115;-3,3896805;1,882709;-10,4890092;0,4089838;-0,1539774;9,9648349;-5,7335708;0,8786398;-8,9996916;-3,7157243;-3,4562212;6,0389703;0,4843128;-0,9867;0
2009-10-31;-5,5418519;1,2133579;-6,7017083;29,2175967;14,4665051;13,494968;8,2295046;3,5073951;-2,2756136;-1,1089381;1,5469596;-13,7468734;-4,5964809;3,1905015;5,0961665;-2,4071178;-15,016356;1,4290949;2,5204437;-3,8882463;-1,4428719;0,9412174;2,1079322;-3,3790114;5,3299643;5,4948779;-1,7910828;-2,3376782;-1,9052793;2,9125181;2,2546387;0
2009-11-30;6,2140292;2,7295473;-0,7746479;-15,4344202;9,0000175;-15,5940705;-5,7339829;11,8794774;-0,4824796;-0,2521782;-10,7725457;11,7416773;-2,617924;24,0174693;4,8490508;3,3695821;-7,5762204;4,5791185;1,9725593;5,0638771;-5,1344915;7,1123735;11,4784478;6,2248048;-6,8269692;-6,2513899;-4,6345083;-0,3039038;-5,8056621;6,6039514;3,0027897;0,2392344
2009-12-31;3,9216162;0,3599001;16,3946061;4,3684602;-1,6705;13,0365575;-1,5461276;-8,1198174;7,099153;-8,5174086;10,3658144;7,2846651;-2,1042563;7,5857109;-9,8254156;-5,3585872;16,9366034;5,0608861;9,1581777;3,8593709;-8,4767038;2,1126996;7,0716138;5,331141;5,55219;6,7684036;8,1689428;0,3048301;-10,9552254;7,1742511;1,0219421;1,9093079
2010-01-31;10,9426679;-12,8153109;-6,097561;13,301874;-8,4924345;-0,610214;2,3659246;5,74715;-0,7522634;1,3725962;-20,4420031;9,0541848;-14,8107959;12,6447416;-5,1387121;-1,3093523;-11,8491718;10,4233457;-0,5893303;25,1208959;-0,8793868;7,7185389;-10,0031051;-0,6226027;11,7025856;0,9454689;-1,3578892;3,637446;-1,5413457;-5,038198;0,1808133;-1,8735363
2010-02-28;4,8752087;-8,2100103;1,2987013;0;-0,6165828;-10,5270615;-4,7093014;-7,9624618;1,6676904;4,7252764;22,2222937;-0,9449238;4,1395165;-8,1406279;0;10,4500314;-4,162124;-3,938063;-2,9964331;-0,7390833;6,1777633;-3,1821502;-6,5485535;-6,8577661;17,5876686;-9,3685807;-0,1422164;2,33683;-2,3436595;-0,960459;-3,3693392;-0,9546539
2010-03-31;-0,2688819;0,7325991;-3,4615385;9,1319861;11,3111544;12,4148852;4,7407819;5,4705983;13,4403561;29,0314102;31,818134;5,7124303;1,9945519;8,752688;10,8130711;16,8966869;3,6134904;14,8016119;18,5215713;-8,2450987;13,4610962;9,5888904;13,7158258;-2,091101;2,0012672;12,9192413;-0,6938358;5,6599315;0;0,5305275;9,6565104;-1,2048193
2010-04-30;0,2696069;-1,3549161;-7,0385126;-3,5832702;2,9795601;8,4988496;-1,0212893;1,6870621;6,5057442;-1,2936098;27,5862895;5,1326046;-2,2598924;-6,4583097;-6,103442;10,2060734;-2,5058125;14,526799;0,7941684;1,6378797;-6,0806702;1,2499821;4,5599909;0,2756783;9,5529805;11,214127;1,9599912;3,2990382;-4,0021024;3,0464881;1,9994581;-5,8536585
2010-05-31;-3,2433047;-7,6870046;-1,4285714;-4,9623817;-10,8555224;2,6398927;-3,1804795;1,5265688;-14,3934868;5,8658736;-2,0272468;-2,1256876;-14,935084;-8,999247;-2,5981136;-15,5716376;2,4576047;-6,9256159;-1,5622375;-16,0709054;-7,4886699;-6,5493225;-3,2075765;-6,740856;2,6062135;-2,4687379;-3,4118368;-3,4047851;5,0087423;-9,3149383;-4,0768954;0
2010-06-30;-3,7978971;6,4415471;-1,4492754;-8,6994255;-7,2079022;-11,1481216;1,8287014;-7,3568933;-5,2526128;-10,3775525;-2,7587132;-5,4409585;-8,8812141;-13,0774724;-5,988531;-14,6161702;-2,8964893;9,0747894;-7,8385514;-9,5653692;-9,3934681;-2,2440329;0;-6,197154;-3,8891006;-9,7371841;-4,5162615;-3,521995;15,8644062;-5,1377797;-5,1471102;0,2590674
2010-07-31;1,9157116;10,4906355;3,0147059;-1,1844408;20,4285747;13,6098325;11,2120785;5,0623695;6,5509103;8,3446554;18,4400236;3,7141053;7,4089957;6,3206987;4,2393311;8,2525165;3,7086357;5,6026475;10,0582016;4,7674194;11,3113629;10,0397944;3,575324;17,9281309;4,1317235;9,149928;11,0943824;-0,5895507;6,1634937;9,2450722;7,7989465;-1,2919897
2010-08-31;1,4249353;-6,3928233;2,2127052;-6,5062375;0,1881984;-1,5120505;7,7248956;-6,2280676;-1,2216706;-4,00539;1,1374975;-1,8913075;2,0521161;-10,8205488;13,619944;-1,0073539;8,5195172;-1,7757986;-0,4167592;5,0478998;11,9892059;0,7748551;3,2614251;-6,6640516;-2,0638577;-5,3284737;0;-1,2445223;88,3955124;-0,6545824;-0,5864636;-0,2617801
2010-09-30;6,0159052;0,1736951;6,1452514;4,8870379;9,7281284;1,7303533;4,9044868;11,9110787;-1,5445172;3,6219096;-2,308603;6,5235996;-13,4183318;0;-0,59655;1,2923329;4,697391;17,1498937;2,8612108;17,300947;2,0172117;12,5140899;2,1685988;-2,3583506;6,967476;13,5454309;10,9562279;-2,7186132;4,4500813;1,6972552;7,1562543;0,7874016
2010-10-31;5,8305903;-0,0370942;2,6315789;-1,715914;9,1175771;11,4145162;0,9479653;8,3169548;-1,1035341;11,3482236;-7,2729415;7,6526001;-19,430508;6,8669152;-0,6001301;-0,2089015;12,8665876;-0,5590062;0,5236078;-3,0425357;15,2314752;2,6823047;5,3343119;1,2414424;-5,2269051;0,854932;-4,9411503;-2,9405504;-21,3100743;9,8348711;2,1948541;0,2604167
2010-11-30;8,1370277;-19,8195516;-4,3589744;-2,7460776;4,6907069;-2,7427502;-10,9042326;-2,3156405;6,0368483;-5,4285296;-1,9609979;0,158591;6,6716153;2,3085663;-8,4905948;-14,7026789;2,3029939;-0,773555;7,4390626;5,6823439;13,3469985;-0,5544042;-3,338954;-1,734159;7,1145032;-1,608745;-3,4375156;-9,0920484;14,1632891;-0,3364035;-1,8787314;0,7792208
2010-12-31;3,0940062;7,0911566;13,9410188;7,964227;29,0908018;8,5680209;1,0999856;-1,6393296;-2,2401931;0,1987414;-3,3332922;9,6736336;19,6676821;2,4388895;-1,3195439;6,6281644;-2,0358226;0,0387372;6,0158455;7,0693806;40,5497572;4,4743236;6,4328244;5,8850136;11,1928675;-1,637145;3,5598873;11,6694238;13,1413566;7,7064689;4,6930992;1,8041237
2011-01-31;-4,4800507;14,998995;-2,4705882;-9,0495302;-2,7650845;0;2,7750135;-4,4671023;-5,0573276;-0,4973091;13,7935658;-5,8836518;13,047664;7,1435515;1,3371887;10,179519;-4,6408233;22,0764763;4,1450429;15,8217498;8,0141166;2,0212283;-4,7016593;0,0682901;8,7233734;1,8711107;1,3616567;-3,0769706;59,6777336;-0,0788755;-0,7015174;3,5443038
2011-02-28;0,5812533;0,5912221;-10,2533172;-10,9812813;4,339566;2,2360821;2,9297037;-3,8743891;1,2850726;-2,6769821;3,5755964;-6,4012561;12,8717172;5,5538965;11,2474846;-1,0804046;-3,0907853;-1,1141509;-4,3968929;5,477115;4,7478048;-1,981184;0,0596981;1,3868564;2,3486902;12,2463495;5,7076536;-16,6916096;19,5948983;-1,5756631;0,8146234;1,4669927
2011-03-31;-0,9620001;-6,7623512;2,4193548;-2,9494897;2,6794442;10,5580589;1,747926;3,522363;-1,268768;6,3762548;6,9628241;-0,6690575;-0,8061331;0,6842545;-7,7379529;2,1753374;-3,1785502;-0,6495589;15,4563851;16,8832618;-3,8405303;8,0112782;4,8710154;10,8821131;-14,3547524;3,9995527;-0,7257437;9,7962772;38,5161041;2,4090209;2,5008356;0,9638554
2011-04-30;4,3695899;2,7726269;6,824147;2,7197255;8,3810875;0,6991472;-0,2527098;2,2442543;-0,9719641;5,1780972;-1,5314261;-0,8346759;-1,7494155;-3,7104355;1,9485592;-3,5452492;-8,0453353;4,1932359;5,0350408;-5,2061462;6,9031931;-0,9895906;-2,0155774;8,4590806;1,4055954;-6,6431311;-2,5696536;2,9311425;10,852623;2,4805626;2,6249835;2,6252983
2011-05-31;9,7673586;-1,5010087;-4,4226044;-5,8936427;-1,6800716;-1,3014104;2,9139669;1,5679115;-3,0914301;-6,0319602;-2,2222908;-3,47838;-0,7523368;1,3032284;-1,2610418;4,3184085;1,0503947;-10,7835922;-2,349812;8,5829348;0,6384727;-3,4987297;-2,4565575;4,7243965;13,1997201;4,4937134;-2,7549673;-5,1373106;-1,7608117;0,5454915;0,033254;3,4883721
2011-06-30;-5,0846334;-3,061572;0,2570694;-20,6787181;2,5933873;-4,5645248;0,1809869;-4,4139797;-5,8881004;-0,7512141;-6,2498028;0,9632934;-10,0010994;-20,5263996;-11,5446835;4,5382123;-8,6462777;3,0391178;-4,1680152;-4,7426982;-12,160804;-4,2146762;2,7678571;-2,1742363;-6,6875653;-3,2258065;0,3857935;0;-16,0142298;-4,0964146;-3,2208503;5,3932584
2011-07-31;-0,2245296;-7,5590394;-2,0512821;-14,6271423;4,8405273;-2,2740795;4,6860284;-1,7834731;-9,2847408;-10,3811208;-11,6974124;-2,6132369;-17,3056452;-13,0134619;-13,7845247;-7,6488023;4,6764009;-7,7950533;-9,6055699;0,666764;-0,9868421;-5,344224;-1,5073159;-3,3329257;-3,6181253;-1,2965072;-12,8406017;-3,2764091;-9,3331261;-5,3250193;-2,6061069;0,4264392
2011-08-31;-7,8293827;-8,1432556;-3,1413613;-22,7068809;-8,4352556;-13,6609619;-0,8137928;-7,1627524;-1,4000297;-11,7071788;-19,6293214;-20,8893656;-26,2035396;-12,7127882;-19,311735;-31,4905091;-4,6874018;-8,1981447;-15,3639233;-1,3198608;8,4392604;-21,0709163;-5,8807057;-2,7033162;-10,6400039;-6,1907418;-5,4519993;-15,3298931;-25,0008571;-8,1860091;-10,4559385;0,2123142
2011-09-30;-0,2260435;3,611487;-8,7837838;-14,9561842;-25,0590056;-11,9990598;0,5755657;-9,2629893;16,2835846;0,827776;-6,2335465;-0,8212535;-5,502707;-6,4827889;4,1672428;-12,9090599;-7,9438328;-5,0973169;-7,834461;-16,0550683;-3,0803557;6,9250793;-7,4992562;-5,4332663;-6,411266;-7,999508;16,1963092;-2,7338819;-29,8014071;-9,3880766;-9,3638255;0,8474576
2011-10-31;5,0638395;0,0151102;-0,7407407;-17,6008747;17,9418504;13,4748932;-2,8711978;10,2805827;5,090999;9,5891524;26,7755969;3,8011619;1,3334813;-3,8930017;7,9858153;7,4452965;18,0105987;7,6108051;8,1130478;7,563908;-1,5839747;7,9171868;4,5947989;4,3104545;11,7481313;-3,2623228;-5,9048472;8,2218144;52,510537;9,8433471;7,5568447;3,1512605
2011-11-30;-2,6996306;-6,6642206;1,3432836;10,0468656;-14,2414147;-1,679024;9,4734443;-1,146119;-5,7964355;-8,7527618;-13,7930117;1,1092258;18,2767442;0,7879963;-12,945208;6,8874015;-0,5279447;-7,4575941;1,8733985;-2,9571351;-7,094229;-4,5363441;-1,29313;1,7955146;2,7683418;-18,2023404;5,4662615;-4,1191067;-7,5069964;-8,4904092;-4,029673;1,2219959
2011-12-31;-0,1483187;3,8836411;-5,7437408;21,4916598;-16,5256822;-8,8856083;-6,8755735;-3,4847406;-0,9080337;4,7976416;0,4165831;5,6230432;6,751275;9,1300858;-7,4680064;-4,8503038;-4,7340166;20,9364795;-15,6519289;9,5387196;-5,3849912;-5,1612183;2,8802866;-7,0591296;-1,3494403;4,3959448;-3,360411;-20,9842995;4,3551518;7,7287756;-4,826538;0,4024145
2012-01-31;0,0493218;-2,2376183;-0,78125;52,3810938;26,2271165;19,9203013;0,4355242;11,6085354;0;11,1136267;12,0330962;6,1370643;11,9556305;11,8422071;29,903289;13,6407181;0,2241291;5,0694656;8,3157356;8,0138839;10,4217968;10,1527013;4,5802798;8,8652311;-1,3627178;10,5257479;1,0183921;13,095693;15,1809322;2,3936654;8,8636015;0
2012-02-29;19,9798224;1,8141041;10,2362205;5,3495317;5,5101566;2,2019354;-1,8293487;-2,0372235;5,4546055;1,1706353;-6,6667124;7,2411636;-6,0566584;-6,0181676;8,8441281;19,3127223;-7,5138969;6,6694301;-3,2591064;20,9678182;4,6831163;3,1404913;6,4500717;5,8101386;6,2738575;3,5730847;13,1945309;-2,0079158;-3,2949749;15,3272025;1,5461392;-0,6012024
2012-03-31;8,8850774;-6,8257802;1,2857143;7,6475338;-2,8555056;-5,4094612;0,577758;0,3870518;-2,1067851;-0,2300937;-6,5081149;7,377237;-9,8337431;11,4574832;19,5039676;-8,0166353;2,134715;9,4194451;5,1456551;-1,8634268;7,7789995;-0,7065879;0,9683913;1,649805;-6,7981481;1,1475835;1,3288515;15,2940597;17,886986;-3,4806902;-0,7059339;-0,4032258
2012-04-30;7,7796255;-14,6156477;-1,2693935;-11,4158462;-3,0027756;1,2993881;-3,3948685;-4,0564309;-7,0003693;-7,57272;-9,8468357;0,7023671;4,2456085;-4,7552956;-0,6777998;-1,3420178;-2,2997835;9,9829533;-1,4966384;0,2706899;-0,5833971;-1,0435965;-8,3759901;8,1119161;2,4307458;-5,6798062;-1,1874128;-7,0278122;-19,7972606;0,6785809;-2,4075076;0,2024291
2012-05-31;2,1125012;-4,3225884;-5,4285714;9,3261004;-7,7822851;-6,3017376;-2,7864446;-5,1693798;7,1402667;1,6314527;-17,6083299;-8,2077762;5,8733931;-3,6249722;-6,152763;-17,9215485;-3,8978122;0;-9,6209536;12,1957998;12,2943723;-4,7592379;-4,2621071;-2,2073852;-19,424597;-18,0729141;7,330886;12,8894403;-17,1173115;-0,3477724;-6,1580463;3,2323232
2012-06-30;11,7413943;16,9528748;16,3141994;5,6921327;13,2875388;9,6784464;6,2856178;11,6348965;-1,9804436;-21,5181266;11,7712965;11,114143;13,8368949;6,601398;-4,3857777;-4,0919257;-0,8428788;6,9973199;12,5108276;-3,3827536;0,2627145;11,9198243;5,2918503;-0,8183177;8,8418618;8,5290482;0;7,8764196;11,5209634;0;7,9836311;0,3913894
2012-07-31;4,6137324;-5,3281751;-2,5974026;1,9152964;8,578939;-4,0058055;1,1526654;-7,7296;-1,5661747;2,3709766;-6,9529083;-1,694467;-22,8219227;2,6814455;-4,5633989;-4,3742562;-1,8163325;-4,3909947;-4,3046518;1,9996338;22,3690581;3,910779;-6,2495442;-2,2260966;14,6807045;-5,4197455;8,5358902;4,048751;-12,4754455;5,5715463;-1,585288;-0,3898635
2012-08-31;-8,5548238;15,9925702;-1,8666667;-16,6021257;2,5394443;7,0532204;5,3958173;7,7189489;-5,6702948;-14,4606478;-8,7911853;-3,4473482;15,4432442;3,904496;-24,8038992;-1,9348491;8,9980761;2,0422335;9,0781987;9,5580051;-2,5811707;-3,4592424;11,0454263;0,3717081;-2,7198627;0,5727377;4,4951991;9,4360834;-0,8899535;-4,9556677;3,5097678;-2,3483366
2012-09-30;12,4895569;0,829268;-1,4945652;18,5518493;17,3792054;3,5061083;-0,9077927;4,7873007;2,3237919;23,1733018;9,0361251;1,9006488;-1,2974089;7,6699836;26,5607559;17,2658909;-0,7807196;-1,5002475;16,5153349;4,6996362;10,7057531;12,5328287;-1,0016811;-3,056451;-4,4099488;10,5426085;-2,6341903;1,6038705;17,0778576;-0,5383203;5,2106182;-1,4028056
2012-10-31;15,8825889;2,4219667;8,2758621;0,7644055;5,447774;-4,6256183;-26,6820539;-2,8470255;5,0474382;-8,2221364;-11,6021461;5,7733247;16,5605766;-0,840028;-3,3495102;-2,3406138;-5,8227848;-1,0426153;-3,7357302;0,8545403;-4,0896044;5,6265289;3,4514965;-3,3160072;2,7680384;9,0193385;7,1236648;-8,5189655;1,1515643;12,9392489;-1,159973;-3,8617886
2012-11-30;10,3808189;1,4780726;13,5031847;3,7870187;11,1323749;4,9214922;-2,1584956;2,8584959;7,7512744;17,7299079;-14,2500402;20,4756541;5,4145472;-1,7598255;-0,8663586;10,0016472;1,300494;12,592428;4,3375002;2,7529485;4,2639845;5,4334569;2,3555483;-3,877651;1,7956545;1,4176319;0;3,10528;15,3679266;16,9646467;4,1225987;-5,0739958
2012-12-31;4,6219206;2,5818317;7,9685746;5,1106893;6,3344394;3,1566388;3,6423461;6,2258617;11,1186775;9,8029939;-9,7667025;3,4009748;-0,892201;5,3756387;2,6491692;6,4465409;0,8391307;-0,4537896;8,3171182;-1,6491981;7,4756674;0,3046522;2,1877422;0,5842475;-1,8363027;3,0321856;-1,545723;-4,0145228;1,9751748;-4,1064607;5,4334425;-8,4632517
2013-01-31;6,5932814;5,9481947;-9,4074844;7,637544;-0,5753672;-0,7666634;-1,8747983;-9,1262803;9,9129577;-4,501127;-5,4928259;-1,3710813;-5,4038691;17,2143046;11,0816793;5,2913605;-2,8662873;15,1027805;-1,0106174;-4,6098093;4,8252043;-2,6439734;-2,7477342;9,3033212;4,4205646;3,3928571;13,6078412;1,0122843;8,3855035;-1,0325099;-1,3072741;-3,892944
2013-02-28;-3,0518205;-6,9539151;1,1474469;20,8200741;-4,3521443;4,3324786;-43,3375263;5,373748;-1,5643486;10,6926578;19,6581562;-1,8034265;2,1371513;2,6683676;-19,2216083;-8,605507;1,4424837;5,3675096;9,4885908;3,734707;-0,1781473;-6,0641896;0,9050321;6,3354098;-6,601387;4,5959222;25,998343;-1,7261056;9,0791256;0,273977;-1,1951072;-5,5696203
2013-03-31;20,1620695;-9,1260355;-2,3255814;6,7949846;-12,6820624;1,3309927;-1,9096873;-2,1220408;1,4390841;2,3025732;18,5714229;0,1423324;5,8334879;-6,16161;15,2409034;-4,2547112;-4,1937347;0,2824859;-4,1926732;-0,6362508;2,3066147;1,2259002;1,6792164;3,0511521;-9,2182116;0,4181678;1,9025075;-0,3157207;-6,2758585;-1,9345;-2,4476689;-9,1152815
2013-04-30;13,2740891;8,9765669;-5,9233449;0,8535133;-6,2036215;1,0552178;5,474268;-3,4939224;-1,4186683;1,978349;-13,253043;3,1054667;-3,5288075;0,841847;0;4,7595583;-12,4312514;7,0655337;-4,661493;-1,9209745;7,999925;3,2987629;-0,769382;-4,8592222;-3,0424193;0,6235719;0,6194614;-14,4380939;9,7523958;0;-2,1825981;-9,1445428
2013-05-31;5,15613;3,6036183;-0,1358025;16,3727613;0,2045456;17,2963032;15,6533781;9,725533;-0,9260794;20,1763222;-3,6110343;8,0767806;19,6448592;-0,5957699;14,8591776;31,1924053;13,88626;15,3446401;8,1593874;18,4808917;23,5767133;5,6886732;4,3271517;16,1265073;0,1737456;6,6257773;2,9243266;2,0593116;16,5796046;8,8779281;8,2517666;-11,038961
2013-06-30;-2,674852;-10,2275895;-1,1002596;15,8247222;-18,401137;-2,7796232;0,5253814;-5,0236727;-1,3609679;7,4304166;-18,2997852;7,737883;-7,6358896;-2,7668737;7,9188548;-2,2738864;-10,5990783;-9,3011857;-12,0773431;0,9192807;-1,6232625;-6,3891948;0,702674;8,3489529;-16,3748067;1,1643877;17,0225139;-3,8729312;5,2332934;-10,7676741;-6,3977916;-0,3649635
2013-07-31;6,4890988;12,6694712;10;13,659361;-0,2610146;12,7401941;-0,6535334;9,3511507;1,5538633;2,3396713;8,8183816;10,5860787;3,3043705;3,2239908;20,0110026;-2,6311438;4,7236775;1,3593;-3,670201;-0,3675589;-11,6217606;10,6899948;4,6379763;18,8086862;4,415513;19,0020855;7,1489422;7,3423541;15,6759803;12,7391053;4,8669666;-1,0989011
2013-08-31;12,2579759;-2,4856736;4,5454545;15,8609083;10,444689;2,3638656;0,6578325;6,0879064;27,4065533;-6,0718101;-9,2382066;4,3097891;0,3972282;0,2669302;-22,21776;8,7833535;6,5117405;-12,7709312;3,542808;-3,4672655;11,6224561;5,8995378;7,2211275;7,8528827;-5,4253919;7,2581178;13,4101902;19,0699366;15,6042345;13,8817919;4,147689;0
2013-09-30;11,6456589;11,4791864;5,4347826;8,0729484;0,5827539;1,8308425;8,4972077;2,5895452;1,1241029;17,3089073;7,857059;16,6019246;-6,4518244;4,8397191;-1,4343971;-7,5604794;-1,7348485;-7,2827288;-1,8658557;3,5918028;1,368514;8,4999728;5,4606782;4,2097748;4,003239;7,519191;7,7291581;3,3795935;20,1291804;7,1094192;2,925746;-1,1111111
2013-10-31;4,0460415;9,5633539;12,8865979;4,6646198;1,0057471;13,3111597;20,2440517;8,1169898;18,1084128;22,6543302;-1,8211357;15,3511263;27,3447404;17,17032;34,765988;26,6221258;2,4670419;-1,6023934;-1,4709804;-2,3712139;10,1345753;7,0298282;0,8893753;19,5271432;-15,8394161;7,1338456;33,8015184;-4,3161453;4,3049474;4,9614566;6,5723428;-0,3745318
2013-11-30;2,0001239;0,549249;-10,8675799;0,6359406;-4,8964549;9,2164953;3,70322;-2,4045018;7,2744793;1,8766261;-9,7808507;-8,3032491;3,3432726;3,9556567;-9,1236581;8,7673745;10,7591603;6,189286;10,1136738;-1,4950712;-9,8155451;1,0143002;7,9643594;6,6964379;2,2896791;-1,5670164;4,1138086;-7,4334523;8,066534;19,2196391;2,0463977;-0,3759398
2013-12-31;-1,9609034;-1,6674048;-7,7868852;-6,331395;-0,3865541;-10,2354953;-5,3132125;-4,7044267;2,2444762;-0,3493306;-33,0841041;-2,1743021;0,4842905;-7,6132817;-1,7776198;-2,2994892;-15,3182528;-5,1515372;-14,4040502;0,5670762;-14,967278;-12,5028623;-7,0832114;-9,6821141;-10,2933695;-4,5094281;-5,9444098;0,359459;4,721326;-3,3175857;-6,2528962;2,2641509
2014-01-31;-2,2222222;2,466241;-2;-9,7277539;-7,2017199;2,0016331;7,1431945;3,152437;-5,6314691;2,1242968;10,8940129;2,0579896;-0,1621247;-13,3099831;-2,4193217;9,8070361;-7,861383;-14,0247646;-5,3889468;-5,8460943;-15,9982408;-1,71344;5,4184296;7,5686461;0,0756144;12,7776196;-2,479202;-12,4990769;4,5561912;-1,823972;-0,8826102;0
2014-02-28;13,6363636;0,2529704;4,30839;-10,4773726;6,7708798;6,862081;-3,7108926;4,2360618;0,5980491;-5,0333788;21,9141603;10,5036745;8,8716029;-1,889873;9,8789028;-2,6788106;15,7147832;-3,0500506;12,6532819;-7,2160409;9,522563;11,4371248;10,586595;2,929659;-15,7505352;11,9459698;4,3544691;-0,6118918;-4,5806731;-5,4860468;5,861884;0
2014-03-31;-11,1199108;5,6144951;-2,0652174;-20,5682429;-6,8554728;-1,102574;2,3690955;1,8688902;-7,3264766;7,413264;-25,8264732;-0,3811841;-3,111131;6,6053584;3,3760292;-2,2189192;10,3528704;0,5985083;-1,0962637;-4,9644044;5,2178709;-1,3086626;0,2701729;-4,753393;-8,844961;-1,5404046;-13,5431918;21,1064878;-12,4543588;9,2546691;-2,6719853;0
2014-04-30;-11,7915187;6,1797135;-9,1897891;-17,6886067;0,5117565;-4,9994173;-0,0922788;-1,40075;-1,8443701;2,3993425;-8,0779377;-3,0611414;-0,8544571;-0,5012085;5,4309362;-12,7422315;-4,5067158;-0,0976324;4,8131507;-0,2297243;-0,9086461;-0,8831925;2,6315789;-5,5018305;-4,2059523;-0,670011;-3,3116944;-6,7489395;-2,1566064;-1,874813;-0,9178311;0,3690037
2014-05-31;6,5054762;3,3150103;6,0743095;-16,1124779;5,895807;0,2024043;1,0572386;-4,3012072;-1,3816228;0,8243812;-12,1210421;-5,1230369;-0,8533593;0,5037332;0;1,2925843;4,719406;11,0768385;-6,8896809;7,7451864;32,7766805;6,448525;0,0787608;-0,5784173;-0,1027046;-4,8739147;0,9097986;-3,6356117;1,4067481;0,5259325;0,3356922;0
2014-06-30;0,5988688;1,8729454;1,3941698;4,0588177;7,3807917;1,8138785;-2,5330239;-1,1537574;1,6234577;-7,7006546;-20,0001277;-5,8068514;11,2864476;-3,1619923;0,5141008;3,927214;-1,2545169;-7,5609689;0,5723746;2,5365461;-8,6845076;0;0,8394544;-2,2343503;19,1055517;-5,8181818;-0,8340967;-8,4897195;0,2551394;3,6319368;-0,2535773;-1,4705882
2014-07-31;-7,1429804;1,4644717;-18,1818182;-36,5040893;7,3596835;-7,3266533;6,1887829;-4,5227782;1,4340118;-7,3705774;1,2932445;-3,2421765;4,3789687;-9,8719732;-10,2587714;-5,3384709;-0,2830905;-4,1283721;-9,7560198;-9,7471834;0,4130549;-3,111579;-1,2140132;-8,8541667;-13,1383974;-3,4749035;-5,1730844;18,7635899;0,3991183;1,2844693;-3,6542258;-0,3731343
2014-08-31;8,974502;1,4501545;10,4166667;9,6582335;2,6828302;-0,9601246;4,2665997;8,4987503;9,563163;9,7503265;-17,0214023;8,3721834;0,3016032;4,9127193;-2,8645644;-12,0789233;-1,0594101;-10,5047622;6,5673098;-2,2021419;2,6926419;5,0535358;3,8184691;13,6193539;-11,1134115;7,0666667;-10,5721903;-1,0410684;1,3020202;10,2265066;3,6605824;-2,9962547
2014-09-30;17,6862732;-0,4550102;7,5471698;-1,3308508;-4,0297832;6,1484716;8,4756968;7,8330398;9,86082;12,9973806;-6,6667616;8,6753899;14,3436874;21,8988978;8,2518288;12,0661806;8,0061586;-6,3438139;4,6151448;10,7042639;-17,0707626;9,1651193;8,8272597;12,9156065;-3,2980854;9,4645081;5,2287582;1,4002757;7,0307853;13,3613439;5,8027403;-11,969112
2014-10-31;1,5050178;-4,4887949;3,9766082;-9,801782;2,69798;1,3411223;-13,3046189;-9,3321878;2,2618261;-2,4227432;-8,7909908;1,08857;-1,4500506;-0,850538;-1,6328878;3,5783442;-1,2376077;2,7168079;1,6488203;-15,5208655;1,1939588;-8,9553301;-5,7415896;-4,7132791;6,4261284;-5,0056883;4,9689441;-3,0767029;0,6706908;1,425378;-1,6928281;-14,0350877
2014-11-30;-12,0309086;2,0356064;13,8357705;-15,8418759;-5,3937249;1,0838678;-6,0393341;4,9811765;-11,4583106;-1,4112882;17,4697183;12,6203296;9,3340571;19,2976377;-8,8329501;1,546758;11,875082;12,0824475;7,7273167;-0,6037543;-0,3663989;-5,276653;3,0497857;3,9729658;9,9986421;-7,7844311;-1,3443372;3,5324081;4,973827;5,4313888;-1,3021603;5,1020408
2014-12-31;-18,1605435;0,2866667;-1,1857708;-41,1802089;-11,4284558;-1,1907152;-12,3285997;-3,3242259;-7,2725212;6,6981093;-23,5897874;-8,2506338;-4,2471915;1,3903593;13,9337241;-6,4480792;-15,0832747;2,1508488;8,3000096;2,7278751;1,2803644;-0,78586;-2,68757;5,8950797;-2,3701753;7,7922078;0,910191;3,4475382;-4,7381591;-3,0665633;-3,4386681;0
2015-01-31;3,7993207;-17,1057417;15;87,9731577;-3,2143731;-5,8241379;7,5714939;0,1429917;0,998734;9,4711778;-12,7516278;15,3560714;16,6392425;-8,048217;-2,1276799;12,5700115;8,1560773;-3,1064111;12,1263165;-2,6554381;12,1637602;1,2162585;-3,5262206;-4,3201085;9,8120206;-9,7590361;19,4577685;-3,3326441;-2,9960978;-3,4926379;1,3348159;-2,9126214
2015-02-28;-3,7269957;7,1454268;-0,1304348;5,8622847;14,8599955;-2,4944436;10,2794713;3,6797191;-4,3265248;5,2370039;-8,4612755;17,9590719;4,62769;9,6068408;6,5227776;-1,5448566;-1,3983781;-9,289937;-0,4392334;1,8222648;8,4508925;-2,2183195;0,5793644;-0,4028173;2,3950257;-5,8744993;6,0186802;3,10528;8,947365;15,5305268;2,3066504;-9,5
2015-03-31;-2,1439914;5,1870626;8,4457989;-31,6674823;-0,8329147;-3,7068183;-3,4449683;-0,9405455;-10,8718424;-0,0739337;-6,7228852;0,6846533;4,3858645;2,4525759;1,0167475;-3,156271;1,9168501;-1,9766526;8,4972157;-11,0126903;5,1949119;2,3592725;0,7878018;7,482977;15,2785066;-5,6737589;3,4086699;5,3492393;11,5050252;-5,5692037;1,4766376;-8,839779
2015-04-30;8,1331463;-3,8779093;5,1384986;17,6776706;5,3728484;5,9156095;7,0272896;2,0150804;1,7622187;8,0529844;-9,9095943;4,1664266;8,0320042;12,3738187;-1,0065138;11,7112446;-1,33435;11,7629868;15,5789255;-3,6809816;1,2352428;5,212009;6,7070096;12,1314301;-3,1410548;10,2255639;-0,1512799;5,7143795;5,1317809;5,6498605;4,411743;0
2015-05-31;1,0851668;-0,7342191;12,9820542;-30,6402105;-5,888111;-2,4432583;1,7652579;-0,0609258;3,5751447;-2,5954737;-4,0001111;-3,5240097;-7,0601293;0,7382278;0,5161526;2,4867346;2,6983514;4,0007845;3,1693584;3,4715485;-7,0497326;-4,4704756;2,1109011;-10,7400951;10,4740164;-2,5920873;2,5995774;-19,0697963;17,1544024;1,7454331;-1,6748206;1,8181818
2015-06-30;-14,036097;-1,1394605;-1,3180128;-6,3016452;-7,5199666;-9,308274;-16,7004227;1,628351;-3,7003026;-1,5129743;-10,4168716;-5,3328746;6,422368;-0,7328179;-5,6020904;-0,8300544;-4,7156205;0,2671444;7,0661088;-36,2413371;8,3839376;-8,2080982;-12,4112928;-3,2455658;-1,8931567;-8,2633053;-4,1153383;-4,6727538;-1,8955108;-6,6610086;-3,9667549;2,3809524
2015-07-31;15,8311994;-2,5783768;18,4931507;-12,4829708;-10,83353;-8,3973023;-0,3671286;-11,5654796;-2,0183046;13,9225226;4,6510927;10,9152583;21,5504481;-0,7469878;9,1492173;4,3980052;-4,6133597;16,1991035;3,1280962;-13,6892583;2,7720346;0,0514734;-1,1800969;11,3524177;15,9392907;-6,1068702;6,7885223;8,6405344;11,4368469;6,0006453;-1,0839135;0
2015-08-31;1,2990495;-6,5127608;-2,8901734;-23,0875462;-17,3369432;-3,437659;-12,6692408;1,1290308;7,8835199;5,4712983;-6,6666735;-11,4412102;2,7804934;-3,39236;-10,3457722;-7,8952802;-3,6635849;-4,1487956;-3,0332143;4,2743907;6,0067556;-5,5935934;1,3100437;-5,3397658;-4,7287008;-3,2520325;10,0383316;-11,8614558;-8,2997109;-0,4903317;-2,7877418;0
2015-09-30;0,6828755;-17,4204803;-2,3809524;58,5545831;4,3543597;-4,9324868;2,3932934;-4,0579659;0;2,0582171;-10,7142424;-2,3495313;0,1657706;-3,3819194;0,5558896;-4,7402657;-4,8628518;7,4071989;-10,3335587;12,865871;-1,6658271;-7,5844399;-6,2543983;1,2834853;7,8601273;-1,1764706;3,9490929;-0,3656538;10,8204513;-4,1349662;-2,838883;0,5813953
2015-10-31;-6,7221351;9,1307139;10,152439;10,8211741;9,6521886;4,6109426;-2,4757665;-2,6924846;11,3901663;4,9236458;6,6666914;3,0817809;3,0454586;-4,5825346;8,1922704;13,9963146;-5,0286058;16,8059741;-5,1834254;-5,7027759;4,0564206;-2,6093648;1,5951956;-0,1710254;16,0019759;4,0816327;2,2794386;12,1192947;-1,2268876;-4,1433403;0,8972678;0
2015-11-30;-6,6672192;4,41592;10,1577636;30,8875181;-19,5401081;-17,3130001;-4,654388;-8,7824131;0,0336429;0,8394792;-11,2500622;-5,9119034;16,3249387;-3,7557882;-12,6191102;3,4288873;-10,2092581;-0,3633998;8,2207299;-8,7844603;17,2234561;-8,7822569;-5,0429482;7,0584893;-7,3399225;-13,5620915;-4,7751898;0,0376237;-15,0704523;4,3224334;-4,6860208;0
2015-12-31;-18,4041541;-11,6271903;-5,4271357;-17,399984;-12,1874524;4,6124279;-2,9584697;4,7167299;9,9619552;-8,2796003;4,2254219;-12,8662586;-1,1478628;0,0365056;2,879259;1,834192;-1,9156073;-6,7316568;-0,1167037;-1,8075375;-7,8288895;0,1678547;1,8772493;-6,0406732;-0,556308;5,1039698;8,0466035;1,1282861;-1,9498947;7,9269955;-3,0230669;-0,5780347
2016-01-31;-3,4299001;-10,0561216;-1,7534538;-15,7789425;-9,4335012;0,3190769;-1,2184639;-4,6164047;-9,0807687;-1,0734668;-18,9190102;-14,0113585;-9,3041464;-6,1859046;-3,9268762;-10,2229353;3,7170372;13,4018877;-8,2531195;2,4519302;3,5179181;3,9775101;-6,9562727;-2,5448243;-6,7762806;-2,8776978;-9,4368773;-13,9945703;4,2428504;-11,257438;-4,6857172;-1,1627907
2016-02-29;-5,6764416;-12,0582284;-4,5970795;41,0819059;18,1552442;2,5701985;-3,0879582;8,7680562;2,4914531;6,8272197;40,0000617;25,9146606;-5,7694689;8,4150368;9,3584133;5,2265453;-5,6317251;-9,6170629;2,6827663;-3,5935113;-8,7763834;7,274593;5,6908901;14,2520297;12,1764767;8,5185185;6,7680953;-12,3800052;-0,3909997;2,2296389;2,5744834;-1,1764706
2016-03-31;8,6957844;4,1124482;18,4807256;24,0553761;12,0125667;5,2308463;7,325034;10,6181437;-4,1245504;-5,3751325;13,0958219;6,4876803;-4,6927392;10,3479365;14,9672914;-3,5621352;7,7793103;7,3220131;15,6155323;59,624236;2,4899013;12,8438168;5,0291262;-13,9638203;5,9820909;-0,5119454;-10,2292366;2,625475;11,7382551;12,6956007;7,8957453;-0,5952381
2016-04-30;2,3719728;20,2879469;6,937799;19,8863796;-2,2876713;-4,9410644;-7,7142142;-5,7484844;6,7274716;0,5248256;28,4201089;6,4229697;1,0700055;9,3700499;2,3235829;15,7702826;-1,00674;2,1527321;-6,9707826;-0,7752304;-9,7614382;-18,2201719;4,335367;4,3436505;-1,6590954;-14,2367067;4,9945514;-7,9057466;-0,9714302;2,8138505;-2,8058636;0
2016-05-31;-4,093235;-12,9333011;3,3557047;0;-18,8944475;-5,5517285;-7,7172235;-3,9214969;7,1632182;1,2687995;-4,0983109;0,2923264;-11,5400713;-0,5358844;-2,0938822;-3,4462992;-15,0823063;-8,2511654;0,6237141;-3,5300843;-21,587421;0,5800441;0,0797378;15,7206399;5,4406284;-8,8;6,4556305;-10,150906;5,4648108;0,3083547;-3,7736459;0,5988024
2016-06-30;-6,6850553;-11,2534668;-5,4112554;-14,032248;9,4348225;1,2100918;-7,4665985;-2,3912236;-3,9539728;-9,1030395;-22,2220991;-6,3699296;-15,6511784;4,8420472;-1,0118676;-2,8565557;-1,1976048;-5,8979162;-0,1849026;0;2,1599876;-3,6815007;1,1774079;-6,2841965;-2,3005778;2,6315789;0,0259985;-22,2990643;2,0825273;-3,3712791;-2,3898796;1,7857143
2016-07-31;-2,4580884;9,4621145;13,2265446;22,2678031;21,5081304;-1,6673218;6,3116643;-9,9985366;9,9999718;5,6679313;37,3627156;11,3431481;14,9946411;2,747807;2,0368501;5,6833254;10,7036466;13,4482844;-6,6947061;13,817284;5,423621;2,6116671;7,332225;8,431823;16,6024002;-2,1367521;4,0709575;4,7120419;27,0059132;11,5983624;3,1804173;0
2016-08-31;-8,4459573;5,2930389;2,6677445;-7,7012349;-6,7481986;28,2121323;-0,1855719;6,4212675;6,9767084;8,5185653;-18,4000237;3,6171948;17,1679932;19,395414;5,0090286;3,8960874;-10,0398998;-17,7822616;4,0856521;27,8592503;-11,4212651;5,8611492;13,9724464;5,302418;-3,72125;26,419214;1,1145105;-16,8571429;22,1313447;10,1211187;3,8191776;0
2016-09-30;-11,8896749;-9,501751;-5,511811;-5,6936519;1,7070564;-12,2609645;11,5241303;-5,7722415;-4,5786049;6,3726672;-7,8433864;-2,7432683;-1,9698803;5,83598;-7,1413989;4,2870075;-13,6884992;-1,1630388;0,0144676;20,1126608;-4,0336053;4,4085321;-2,0241757;-2,2285143;-0,6406422;-3,1088083;5,9402884;-6,3573883;-6,2114325;6,1359939;-1,7735647;0
2016-10-31;49,4434418;19,7607202;3,7708333;40,4498991;-4,5914198;3,5269034;-6,6666551;-2,1361742;-3,8133475;-3,0118552;-20,2125271;12,4848275;-3,2649293;-9,257664;0;6,1638212;17,9746412;-6,4476951;19,6749456;1,8617923;1,4263985;2,2358252;-2,6646226;-6,0062587;6,3273193;2,8520499;1,7019788;3,2110092;0,0499774;-0,5355337;4,4045081;0,5847953
2016-11-30;-1,8673904;-0,5191564;4,7982333;1,6667478;22,9051177;-8,2808924;-3,7499417;-2,3497079;-5,8898027;1,0144472;5,3333778;-0,0513848;-12,5152626;0,0297818;2,5536737;-10,4835301;-7,3673015;-2,1117618;-1,7345279;-1,1426987;-1,5996268;-13,394335;2,9850746;-2,0348433;3,5635354;-8,1455806;-3,8771241;-2,2222222;19,6350284;-6,938017;-1,0988063;0,5813953
2016-12-31;-1,6743702;17,1029868;13,4099617;-3,2674731;5,8615862;3,3120225;2,2262814;6,427256;2,9207582;-3,5831087;-13,9240729;2,282659;4,1435919;1,1326138;-1,9961907;7,5671456;2,1498792;1,0816068;11,5736267;-1,8460848;1,9016493;13,5075842;8,8267424;4,9349103;-1,9223986;-2,0754717;4,0335082;-2,7272727;9,4086475;6,7408071;6,4489463;0
2017-01-31;-10,1107826;7,0334895;10,8108108;9,4324679;33,9758299;12,7509282;-1,996267;7,5462533;-0,3817437;9,1218955;16,1765006;1,4978638;18,0077527;3,5039191;3,5697459;5,5281917;6,6339803;1,4228235;-4,8294;9,1753609;9,6398956;0,5349697;9,6700796;13,795968;25,0170833;13,2947977;2,6879101;15,1401869;12,3549843;10,8244532;6,72081;0
2017-02-28;11,0072081;-8,2248629;4,1158537;-3,0708599;4,1139107;4,8164708;-12,4073859;3,4431981;2,6123538;13,0674754;18,9869353;9,146734;8,8493123;13,7124539;1,4808737;6,3656331;5,3307901;-16,7941126;16,0380997;10,9909674;0,9169723;2,6710332;3,6673175;-0,0961538;-1,6541526;15,9863946;-0,2371983;29,8701299;20,1218829;-4,4600904;5,5548092;0
2017-03-31;20,0226593;7,657218;1,6105417;-7,6254922;-10,2293313;-5,7292465;-2,1142135;-5,6105437;-1,1811434;0,2514483;34,0427418;5,5444646;6,8092261;13,5299635;-6,8008261;2,9127256;5,9950438;-3,8868159;6,1579687;-0,1934282;-0,3469354;-2,7284824;-6,2334452;-3,3383656;-8,9173931;-5,4252199;-5,172028;-1,25;5,3222291;-3,6197311;-0,6673371;0
2017-04-30;2,1362705;10,6679619;5,907781;3,089932;6,2992625;15,9292275;0;6,4025547;4,9730709;12,318826;-33,3332599;-5,7131803;-2,9862447;1,0355084;2,6161642;2,0130128;5,3951983;7,8076135;15,9998515;11,2807544;-0,9826381;-2,2822377;4,0929065;1,6220986;-2,0875151;7,2868217;3,6429604;-18,5443038;-8,6393483;7,7163465;6,4464955;0
2017-05-31;-9,6412376;-6,3901823;-7,4829932;-18,9946461;-14,1334514;-2,5405506;-1,5120048;-1,8140827;5,7980558;-16,024034;-32,1428375;-6,4149911;-12,9631755;-6,3479011;3,5446449;8,1709211;-5,2043341;-8,0890934;-8,4930174;-2,2725342;-7,3957382;-7,2700868;-1,3930768;6,4510209;-2,0893809;0,5780347;-0,3785291;-12,1989122;18,1343417;0,8197057;-2,5184542;0
2017-06-30;14,0186753;0,5652947;4,4117647;4,9426035;4,6785771;9,5014269;12,5001719;-3,0916049;1,1926662;9,1823855;29,8246127;7,1421612;-9,622198;-3,0410338;0,9821277;7,4193599;18,2341823;0,3881734;5,4181588;4,6507585;-0,0953305;5,549932;3,2536236;-6,1305784;-4,0099831;7,0402299;1,1684713;7,4336283;9,0066225;1,1639676;1,5414513;0
2017-07-31;-2,0980493;1,4274931;4,1830986;-2,8881491;11,51227;-1,535227;6,2378394;2,3974246;-0,7659892;-7,1390994;24,3243345;8,4439796;-5,3252712;-3,8838692;-3,8830988;-0,1288447;15,3231331;14,6176641;-2,3688098;2,566765;11,2153069;3,2268952;8,588521;-7,527252;-1,9439161;3,4899329;-15,8985655;6,9192751;0,5359161;-3,7818179;2,5851236;0
2017-08-31;24,7487198;-1,6932607;-3,4743815;8,4516866;3,1085971;-3,7366548;9,9082548;0,1200914;-2,8442268;2,7780692;-11,9565425;7,4636253;8,530419;-4,1725008;5,7597335;7,654855;0,660066;10,15859;10,8745586;-3,1666329;-1,0502959;0;0,9982;0,0883044;-4,5450501;-3,3722438;-17,9873749;25,577812;-3,5852014;3,2443284;3,7989794;0
2017-09-30;-6,0322536;4,5518709;1,6806723;0;-6,8938533;-4,3368762;-11,6862382;0,0370569;-2,5384318;-3,5835562;13,5802737;6,219517;3,8739787;-8,460122;40,5934279;3,0877152;-2,9508197;-1,3280289;3,2170938;4,6460084;15,820003;-2,6746625;2,257507;0,8787222;-8,335353;-5,9060403;4,0900716;-10,1840491;39,3936965;0,1106394;-1,0528404;0
2017-10-31;4,9169148;-2,7799428;-2,7272727;12,0610854;4,7244512;9,8905876;6,0491766;-7,1150191;0,0994507;-14,8429946;-16,3044036;-1,1056827;-5,0171325;-10,029432;-2,8189604;-0,9439722;-5,8783784;-4,6903553;5,7510738;-5,4287884;-8,5217885;7,7131386;-3,174184;-0,1749161;-12,1135698;13,8373752;-12,5039333;-24,1803279;3,7345479;-1,9984873;0,8973134;0
2017-11-30;-4,6643108;0,6015018;3,653356;-1,3908562;-13,1394199;2,0748165;-2,8519689;7,6600318;-3,0672841;7,8622164;-53,2467064;-12,1239135;-8,7901309;12,0167258;-4,7069876;-11,891109;-14,6446518;-25,3454258;-13,9134138;-7,8257379;-2,3282066;-1,9224698;2,5255005;-4,8967313;-2,8441174;2,8822055;11,8408631;2,7027027;-15,8305692;-1,9028672;-3,7403858;0
2017-12-31;9,004871;-3,765541;12,0218579;11,9679764;4,125817;-1,0636923;6,2384455;1,1688096;7,1401873;5,3934639;-13,8889317;18,8223857;1,8595918;5,6116862;4,561482;15,537368;-3,2800673;-3,6730534;-4,3257623;16,9826025;-2,3851488;12,1659799;1,2768674;13,1768118;0,0238192;8,8915956;-2,0097271;6,5789474;-4,4382321;5,8116975;2,0914214;-0,5780347
2018-01-31;9,2032252;6,2057668;1,2195122;10,0776951;-1,0340189;9,678332;5,8721167;4,9391995;-4,758698;-2,8412488;0;0,9818221;7,130236;-2,6241408;14,1806887;-2,9219848;-4,4347826;1,8494223;2,352881;0,9679442;1,5806065;3,4439243;7,0025215;-8,2233605;7,1130903;7,2706935;0,3691702;9,4650206;19,5937383;-1,3387427;3,6111486;0
2018-02-28;-7,348398;-5,5696159;3,1325301;-2,0039285;-4,5908014;-10,1974402;-7,0146154;-2,5314945;11,0001863;-5,9117071;45,1612133;-12,4423151;-5,7631847;-7,3007912;-12,1028982;1,2037421;-7,9162875;-22,4050528;-11,0392472;2,2355909;-17,8212917;-1,0625178;-10,6338063;-6,8554922;-4,1262783;-12,8258603;-3,518738;7,8947368;-7,7614923;-10,027365;-6,5785169;0
2018-03-31;-3,4944296;-9,8813338;2,3364486;0,5813298;-17,3142936;-8,5579813;1,7544278;-6,9105331;11,7072285;3,704649;-24,4445039;-7,4592637;1,6372189;-20,9864496;-0,7204279;5,7151143;-8,8932806;12,332655;-12,8483861;-4,9998102;-3,6149278;-9,7846062;0,1043784;-1,1315228;2,4603469;-1,7942584;15,9606913;17,7700348;2,2420037;-5,6409673;-5,3899329;-1,1627907
2018-04-30;5,4024727;5,1604666;5,2511416;-5,7949889;7,8555235;2,5300244;-9,1378928;-5,197874;8,4589097;-6,5693543;-17,6470909;11,0647363;-3,558445;6,9989213;0,7256557;1,3518074;13,1236443;4,2999476;6,6347929;-1,6464194;-4,4641872;9,7872324;1,756119;-8,3961523;-2,9806495;4,1412911;2,4875804;0;14,0696897;4,3764544;2,6637697;0
2018-05-31;2,7262108;-12,3554421;-2,3861171;5,2933984;-9,5256266;-0,6834787;-4,9337395;-4,353906;2,2501661;-8,2906672;10,7144746;5,3276442;8,7863397;3,4451522;-1,4460428;-11,1111309;-1,6299137;-0,2970885;-9,1421551;2,3423533;-20,3739002;-3,9752515;-2,9446662;0,2060471;9,5315853;-6,1988304;-6,1553267;5,9171598;17,9582887;1,9532153;-4,4211935;0
2018-06-30;-9,9256845;4,6456547;-2,2222222;-4,9877195;3,8709907;-5,1257712;-7,3850776;1,0664015;3,2698787;-20,8996176;-16,1290901;-24,1201174;-1,4788427;0;-9,9269586;1,5329539;-10,9161793;-8,4807922;3,140555;-17,9744725;1,1727156;-6,1786498;-6,3791954;3,1189035;-9,0854879;0;-4,0182302;0,2793296;9,9158543;-5,7032481;-2,3188315;0
2018-07-31;5,7749406;-1,0018792;-0,9090909;8,857234;9,6594209;6,9534767;7,3274843;6,3578408;0,6992378;1,1295954;34,6156037;8,6986335;4,1158298;16,6803198;10,7619592;-1,0804646;4,8140044;-14,7415348;14,2855096;9,9244954;-0,4349696;5,9332397;7,2590218;9,289459;6,6248126;14,5885287;-6,0699588;-0,2785515;22,0678793;0,157174;7,1665984;0
2018-08-31;3,0252302;-7,5282631;-6,8807339;-2,1153665;-5,9065335;-4,2095416;-2,4095703;4,4601317;-1,054069;-8,6446585;-17,1428496;-4,1814987;-5,4805643;-14,9639278;-8,1647128;0,8199975;-10,8559499;10,0464133;6,0465559;13,4381261;-8,7854057;-9,3336216;-6,247579;6,1014047;-2,4628702;-2,2850925;2,1526666;17,3184358;4,3022579;20,9077773;0,3945837;0,5882353
2018-09-30;-6,300924;-2,4054301;10,7142857;-27,9966097;-1,8725298;9,2773438;-8,642047;-9,1101194;-17,2619767;-9,1302004;20,6896442;3,0848813;-9,8860102;13,2256228;10,2201428;-7,8596668;-6,323185;-11,2006834;2,8091615;-2,4394977;-16,8421053;13,53025;1,5523551;-11,1497558;1,1104854;3,0066815;0,383521;3,3333333;-9,0780041;-0,7741354;-2,0370399;0,5847953
2018-10-31;-8,9855363;-4,9183947;-11,679644;17,953887;-2,4911517;-16,4432529;-2,2523063;-1,413552;-4,5078616;19,6789667;-28,5715041;-24,0910542;-10,4624005;0,5952905;-3,2215099;-0,2930902;0,5;13,0583779;-8,6734271;-0,3560772;-18,0379747;-9,3283453;-10,8340599;-5,8832161;-1,8000356;-4,5405405;-12,2175663;-8,2949309;-15,4806513;-11,3134317;-6,2095208;0
2018-11-30;-0,3821705;5,460023;-7,9345088;1,8094897;3,2686654;9,197861;10,1384497;4,8668453;-10,0012102;-4,82609;-12,0001926;25,8653846;-3,3930574;-6,5469384;12,4994016;-3,2453129;33,0845771;-17,3198617;19,3643966;0,3573496;26,1776062;-1,712218;11,5377094;-14,1647739;8,5549002;4,3035108;13,0475477;0,5025126;-10,1737071;-0,7362393;5,2260683;0
2018-12-31;0,3836367;-10,0823391;9,4391245;-3,8645755;-0,9362479;3,8687561;0,2090349;-0,7240452;-10,271041;-3,7392981;-4,5453972;-8,0357143;8,047105;-3,1861827;-9,2596631;-3,9637919;-7,4766355;4,1420118;-1,7726105;-3,5707181;-4,5899633;0,4347809;-0,9876688;1,4575857;-8,1628388;-3,6916395;-5,9612519;2,5;2,3913746;-2,8068495;-0,881203;0
2019-01-31;6,6241972;4,329194;-1,25;-4,3661163;5,9408891;5,8462989;16,9102501;1,463766;1,6340368;-4,7424043;14,2859662;-7,5022065;18,2851655;1,9690994;-2,0398593;19,0489544;8,3838384;14,3774704;-3,1922811;-7,7772047;18,6016677;0;6,3333727;3,3455594;4,1893276;-0,5636979;3,887128;15,1219512;30,4937882;3,799726;4,6401401;0
2019-02-28;-2,5686879;3,7523858;3,0379747;12,4507607;7,5815624;-4,8106904;-3,214289;2,4488699;-10,5749729;6,4637356;37,4998071;2,6268523;13,5487539;-0,6414338;6,2470081;-2,9337559;-6,0577819;1,1933045;-2,6729621;-2,0087239;20,3353164;-4,6309693;0;0,2331723;-3,0380466;-1,9274376;2,3602695;-1,6949153;0,0489215;1,1721909;-0,7681627;0
2019-03-31;2,0847258;-2,193818;2,2113022;-0,5620689;5,6249571;-0,5147403;-5,3504521;-2,9129886;9,5124319;28,4773122;17,5759038;17,277401;-9,8309588;20,4552427;4,7020725;11,2638035;-13,1944444;7,4115575;-4,1798558;-4,5084119;-7,4157303;2,4278193;0,4163197;-1,6148622;-0,5068138;3,3526012;-1,9249876;-1,2931034;5,2150121;-6,6549467;-0,3934148;0
2019-04-30;2,8827867;6,5951658;-0,8413462;-2,0417368;-3,8739928;4,1862653;-3,7817805;3,3692752;0,9394673;-0,4020928;0,0467642;-3,6282237;-10,8120347;0,8121247;-4,8690488;0;-12,5714286;-0,8246398;0,2871646;3,8630713;0,4854369;-7,8520019;2,1779989;2,3464393;9,7396423;7,885906;8,2394158;24,4541485;7,4478473;7,2853551;0,8002108;0
2019-05-31;-14,3606994;-6,1871153;-7,1515152;-8,56565;-7,6340596;-9,1196388;4,3354896;-6,5574156;-6,9774707;-8,9631621;-29,7424401;-24,4422937;-10,8673976;3,7388004;-1,5651063;1,2345701;9,9346405;-6,3564416;-1,1647037;0,2071442;-3,7198068;-13,6660002;-1,6554858;-8,2589917;-12,2627496;-0,777605;4,1999766;-1,0526316;-2,8430077;0,4352868;-3,7169032;0
2019-06-30;5,0212684;-1,3963369;-5,2219321;-1,7893455;8,944437;6,8057625;29,7087714;5,2218471;1,5017109;6,303144;31,000258;7,5893429;-2,1100385;-2,8323737;5,5931162;4,5221209;11,058264;6,6755817;-7,0258081;8,2456704;5,1179127;7,1712551;6,4253493;1,5008394;3,8703913;-2,1943574;6,0703593;-6,3829787;3,6094799;-2,7340599;3,9327957;0
2019-07-31;2,6833134;-5,0594779;11,4325069;10,9115574;-8,7898732;-18,744186;1,1975711;-1,7948167;0,9843913;-5,1518989;-2,0355918;-11,0304185;-5,0304264;-5,8838927;4,7354564;1,5616323;-11,6702355;-9,2212806;12,2742475;-2,6056697;6,8257757;-1,861128;-5,1483511;-2,2284331;0,4142708;-19,1773504;4,0434691;4,5454545;6,8284299;0,2931252;-0,8587009;0
2019-08-31;-5,2900996;-3,7692543;1,8541409;-1,6368499;-17,0336423;-7,6702919;-5,6951271;-5,629676;2,4382433;1,5489235;-3,8963066;-17,797404;-9,2043863;1,7042126;-5,2422727;3,8471538;5,1515152;9,8376049;-6,9016779;-18,3006536;-15,3261841;-4,3651895;-1,8746594;1,0104407;-6,8038866;-11,8968936;7,4437059;-7,2463768;10,0018981;-2,876473;-4,912084;0
2019-09-30;15,7469482;3,5412162;8,7378641;0,6235126;2,1438452;7,749535;-13,3334754;5,198277;1,0442314;-4,2655753;1,0810662;12,5671496;-6,2494656;-2,5105747;-0,4237056;2,2210665;-0,9221902;2,2428967;8,8923056;-3,4666667;-10,7651715;2,1824732;6,0590914;3,2567572;-2,6536684;-14,2535634;8,1305432;1,5625;-3,7940101;-2,6227592;1,0235721;0
2019-10-31;-5,1744029;-5,7621655;5,5803571;4,7679864;4,5507307;9,8388953;13,1223055;5,276398;-0,4981842;5,2523167;-4,5453927;-19,3058568;-3,9996352;0,5711455;4,7009606;2,4164597;-1,7452007;4,3775515;5,7744259;0;3,6664695;-0,9703151;-2,7072315;-5,5825883;-3,4093733;7,5240595;0,2802183;-2,6923077;3,5716878;3,3667508;0,8072533;-0,5813953
2019-11-30;6,6831074;-1,2097416;-0,6342495;28,6525351;7,4837966;-2,5144054;2,240019;-2,790218;-0,4993888;20,4609931;-4,9018909;0,7168459;11,1100555;9,9718126;2,0393786;12,2640825;5,9206631;1,6445973;-11,0157334;-13,3977901;-8,2144894;1,9596449;-2,0613563;-1,7991028;-2,3565732;-10,1708706;6,3891719;1,5810277;4,1255221;3,5825946;-0,4860944;0
2019-12-31;1,3792092;0,1275725;-7,8723404;8,1206517;6,3188118;4,6211714;11,4239729;-4,1463211;3,5185953;8,1718498;-11,7821556;-2,1352313;10,2788669;-3,1086937;1,6008532;-0,6310709;-11,5148127;-1,9749652;-7,6205589;-4,9441786;-9,0118086;-0,384781;6,5780074;7,3329961;9,0398904;5,9782609;-1,3077975;4,6692607;6,4748857;8,8040319;0,5751786;0
2020-01-31;-4,0249105;-2,7071112;11,0854503;13,633081;-4,5822357;-4,6738572;-1,6150317;-1,4633987;0;6,7488377;-20,2003992;-11,8636364;-1,8896347;9,6253021;7,4775218;0,4229248;-9,4125079;-10,944003;-11,8386917;6,8791946;-15,0273224;8,8819736;0,2474992;15,6065448;3,8661351;1,5384615;3,1769794;-1,8587361;0,754564;4,6236373;-1,9912721;0
2020-02-29;-18,4877985;-4,6337936;-16,7359667;-16,7093932;-22,6534961;-19,7198276;-11,9200624;-11,0526768;-6,5535615;-5,1217171;-8,3680939;-25,7864879;-10,1410089;-8,2889235;-7,6943039;-2,5261734;-21,8967922;-6,8401487;-22,4958427;-18,6813187;-18,2475884;-6,0291079;-9,9526798;-17,932941;-8,5099453;-18,7542088;-4,8712988;6,8181818;-1,1032533;0,552457;-13,063804;0
2020-03-31;-24,2030157;-29,3773154;-53,8077403;-6,4772781;-15,1967923;-25,5704698;-3,8088737;-36,2335688;-9,0913557;-9,4207897;-25,2054068;-58,3321751;-22,8586505;-1,0657804;-24,9180847;-22,2467592;-15,4642857;-6,179455;-5,012761;-13,3204633;1,7699115;-20,7552735;-18,598275;-25,4497757;-23,256287;-33,2366349;12,1282305;-11,3475177;3,8083579;-12,910886;-15,5285253;-31,5789474
2020-04-30;24,2831244;-5,6053999;47,8378378;13,4988335;28,6855827;-1,2623986;17,5232061;-7,4094444;4,2857587;28,6611109;42,8568764;72,8485657;46,4824632;11,2899704;4,6499911;8,3339088;17,025771;25,8840685;11,9581273;-7,5723831;28,0193237;-12,7379375;-10,3501509;32,7614209;24,6943441;-12,6629423;19,4715232;15,6;23,6933785;14,9827323;10,792603;-41,8803419
2020-05-31;5,5383849;-4,5817026;-3,8391225;9,6774454;12,0808185;-1,6438356;-6,5232441;1,1158198;2,1919073;11,323658;20,5129879;-6,5804709;-4,424919;-1,4544814;-1,010331;8,7188287;5,6859206;-14,4849889;7,0550182;19,0361446;17,3584906;0,8206119;4,9467752;-10,6508783;2,8670883;-11,6560057;4,5583925;8,3044983;12,9173182;-6,9950756;4,3598673;-58,8235294
2020-06-30;-12,3906687;4,8017023;-13,3079848;2,7251639;5,354361;6,7780873;-4,5245496;2,4341082;-1,8764358;-3,352216;5,3190721;23,280314;-15,4746844;2,9462818;-1,0213001;10,1399189;22,2886422;-5,3564373;-6,2027696;-10,9311741;-1,4469453;3,6513593;1,5736874;22,0927171;1,0900731;21,5607401;-0,1956;5,1118211;-2,2037;29,2037957;2,9952227;-7,1428571
2020-07-31;14,8087799;-15,1016685;-14,4736842;26,8423298;38,6657464;-18,5217391;13,0120518;-6,0537467;6,0107056;8,8811608;-22,2222603;-7,0710456;-4,224945;4,2857497;-0,8180339;4,92531;-0,4189944;-9,237834;-13,506025;-26;-7,0146819;-4,5678948;-7,1738013;-5,7105887;-5,3941485;-6,0225017;1,5678668;22,7963526;1,7974742;-0,798963;1,8136071;-11,5384615
2020-08-31;4,1304213;2,5767671;7,1794872;33,7215217;8,5686032;0,3735326;2,7008155;3,3991242;6,9574916;0,6444116;-11,2552624;3,7504508;2,6114416;-1,83416;-3,3352748;19,8972024;-6,802244;-0,7622051;-4,9557518;18,9189189;-5,6140351;1,6422721;2,2702104;15,6564963;-2,2823034;6,4788732;-2,3154963;17,0792079;9,0802609;9,8953481;2,3010349;0
2020-09-30;-8,5597078;-12,6798838;-15,7894737;-11,3059098;-13,7732641;-11,5364168;-5,3287273;-3,7857673;0,2426722;4,4741906;-2,438988;-17,9701078;-12,8971609;0;-0,8650124;-5,3738848;-14,221219;-7,6938357;-9,4574055;-10,1239669;-9,6654275;-1,3477942;-8,8869982;0,8714453;3,7618508;-8,5978836;-0,1975319;-2,1141649;-4,5822281;4,1685217;-4,2958428;-4,3478261
2020-10-31;-20,2433506;9,4917464;-21,8181818;21,5734722;0,1285189;-30,5889423;-11,1110941;-15,9964961;-11,1438882;-4,4913169;-8,9998625;-17,9025424;-4,9356068;-9,8105895;-7,9424627;-7,8427012;-20,7017544;-19,302776;-16,9031437;-21,7241379;-15,6378601;-24,6927397;-16,5840407;-12,5522794;-3,750666;-21,8523878;3,9604971;-9,5032397;-19,8381271;-10,8693149;-10,7536642;0
2020-11-30;31,1068808;36,7460372;77,6889535;15,8047503;26,1094701;31,0822511;4,1117649;34,2301091;9,9424871;17,3092832;9,8899439;61,0322581;14,4242194;-0,2621148;11,3801765;6,3831363;20,3539823;22,8888889;45,2470615;21,2922173;22,4390244;23,1905793;50,0956607;18,3147008;25,7168161;29,537037;18,6653582;19,8090692;16,1282625;12,803255;19,3692999;0
2020-12-31;20,5966248;7,0398314;13,2924335;18,814279;22,8216693;18,3619551;4,1073905;7,6851633;0,7757208;12,0230999;69,4999567;40,2564103;8,232977;1,0409823;10,5492304;13,9998848;20,1286765;-1,6130199;4,3023291;36,1985472;9,3625498;3,3800558;11,0380365;-1,2543897;1,8580486;16,8691923;4,4955342;7,9681275;-29,4725465;6,2703003;8,3328948;-4,5454545
2021-01-31;-7,1816681;-5,9796993;2,3465704;-0,3710557;2,9486219;9,1517857;-0,3793718;4,2554825;4,3586026;5,0407479;11,2092712;-5,5073126;-2,6398178;1,0254606;13,9597663;0,8731257;4,9732211;-2,4922805;-2,9453229;15,1111111;5,6466302;10,3860481;0;19,4911026;14,2928158;19,8776758;4,4540821;2,9520295;11,1009369;-2,5421273;-0,0826994;0
2021-02-28;1,7554871;18,8548231;12,6984127;29,6907838;0,5028145;13,2924335;-3,8080061;6,4362032;-0,4905715;7,2758195;-6,6312102;14,9697703;8,9333619;-3,5595393;11,8046316;12,1742116;-4,9562682;-6,2052326;5,0321574;1,1583012;3,6206897;0,5156766;6,4358552;-0,7108827;0,1834307;5,3061224;2,6472906;12,5448029;-22,474474;9,1854441;-0,0147073;0
2021-03-31;3,8339333;2,329408;0,1564945;70,3076891;0,4531217;-3,2490975;4,2755356;4,1585736;-0,247034;-11,6894343;-15,6250633;-3,9335297;8,4898372;17,1466083;-5,1806955;4,2652176;-2,607362;11,6800643;7,8519844;-9,351145;0,3327787;0,5104658;-4,1822041;18,2152446;-2,1933633;-8,3333333;0;25,7961783;-19,4840796;7,0744747;1,95049;0
2021-04-30;20,6154918;9,4068251;-1,25;8,878302;2,3116368;9,608209;3,4928052;13,3398326;0,7418566;-2,9377444;-1,6834786;12,3823079;5,2644541;4,5049126;28,1493121;12,1196166;32,6771654;2,0873821;5,137722;3,1578947;23,4494196;3,5729781;-0,5687942;-5,7400077;-4,6742319;9,4080338;1,4319668;6,0759494;-8,60323;9,8212427;4,6986562;0
2021-05-31;14,2860895;6,0341308;1,5189873;13,6173122;3,8035762;28,6808511;-2,4211556;19,8894493;3,9318135;6,2299081;7,5344902;17,6814418;20,2558371;3,019335;6,5570051;1,0649559;2,9673591;3,0741028;22,6020151;-4,4897959;-7,307899;17,9785871;14,1928103;22,4363999;13,5299834;20,531401;13,0783449;-9,6658711;-0,2955012;9,0985662;9,0019906;0
2021-06-30;14,9099789;-5,717346;-19,3890274;0,2412223;-6,3205743;7,473545;0,9774352;-3,0841072;-3,5465477;-6,1966016;9,235519;-6,9950331;9,7434227;5,4379131;3,0769461;-3,6455421;-1,9596542;-2,797729;-6,137328;-2,3504274;-4,3478261;-4,5928038;-6,5703438;-0,7898182;-5,5263299;-6,6132265;0;-7,7939234;9,6481197;4,0063518;-0,32813;0
2021-07-31;11,3627082;-2,6507473;1,3147718;6,7886058;3,7039477;-1,2923077;14,0728992;1,2040348;-0,2452194;4,2862635;-8,454685;8,188696;-1,3402879;9,6608182;6,6305672;2,0408997;0,5878895;-13,6523575;-0,181995;-3,2822757;-9,3333333;-0,8731892;3,2452873;8,4655972;-2,559553;5,7939914;11,5335607;0,286533;-0,1512578;7,0879439;2,377488;0
2021-08-31;0,8666173;-0,0877133;19,7709924;5,2621031;-8,3760295;15,6483791;8,0941095;13,8923569;0;1,3700314;12,4201808;0,740436;-1,7763278;-2,9305733;2,6550146;2,1434579;16,1893629;-3,0154849;1,8645035;6,7873303;-2,0721925;1,3225636;21,2048324;-0,9756086;7,3166479;33,8742394;6,25;1,4285714;-8,3465497;-4,4605343;4,8673858;9,5238095
2021-09-30;6,0179105;2,6665343;-3,1867431;1,2542897;-11,581854;10,7816712;-3,0193938;-0,9705961;0,9359481;1,5183121;252,6919005;-1,2658228;-11,7021488;-12,45261;10,6321335;-6,2938653;-6,639839;-4,789916;10,390279;20,3389831;-4,4368601;1,2652503;0,4284683;11,3299116;5,0704886;2,1212121;-3,4234078;-0,2816901;13,27629;-4,0662673;-0,8308033;0
2021-10-31;-3,1758251;4,9737149;5,2666228;0;-2,6957101;37,3479319;-3,0510535;27,8509856;-1,5306122;-10,6668863;124,8991911;-0,3308519;-14,457702;-3,4484737;-6,7532825;0;8,9439655;-13,0626655;4,9256048;9,6830986;6,4285714;27,814607;16,9892666;1,1061392;0,1666438;35,7566766;3,2118758;18,3615819;-9,3430326;-1,726731;4,6139044;221,7391304
2021-11-30;-8,2346734;-14,2821726;-11,8198874;-2,9003586;-7,2361883;-12,0283437;9,120079;-9,6018265;-2,0725389;-14,3140301;-14,6430078;-14,813278;19,4364603;-7,589051;-22,0054244;-6,716599;-11,4243323;11,7766497;-17,1508594;-13,3226324;18,6577181;-0,5182405;-3,3090211;-7,002192;-1,8283166;-10,2185792;-12,3387378;-4,5346062;6,1078992;-7,5080411;-7,8430746;178,3783784
2021-12-31;30,7984342;4,9804566;-1,7021277;-5,0302761;-2,0375665;-12,7668143;-0,5296623;2,4348816;-2,1164021;3,8905147;-10,0417126;2,7764247;-0,9433225;-13,0434783;6,0712934;-4,0002153;-4,9692909;-1,5440509;4,263816;24,0740741;-4,4117647;2,4307723;3,489757;11,2941243;-0,6761124;-0,2434571;2,8153433;-8;4,5526977;5,3539957;2,1844318;23,3009709
2022-01-31;-7,6163866;6,0886335;-9,3795094;-22,0278712;0,1071376;7,3868883;-6,508905;11,0654848;-1,3513514;1,9821872;-5,581316;-27,2037915;0,4762762;0,5553027;13,6361344;-4,1659658;-9,7532315;-4,9815498;-4,4929105;-19,2537313;4,7337278;6,6100662;1,1240265;-4,8624227;-11,243228;0,3050641;-11,785969;-20,923913;-6,6563313;-0,4918036;-2,7098865;18,8976378
2022-02-28;-45,5316625;-1,2316824;-8,4394904;-32,6221321;18,5961546;-11,2209802;-1,3923324;-14,6865938;-2,739726;-1,2962813;12,807689;-30,2083333;-4,2654308;-2,210076;-13,1848847;-9,2177627;14,3229167;-7,9126214;0,0844292;-14,0480591;-7,8531073;-7,631168;-10,5576631;-8,888879;-39,0606421;-14,7810219;0,5399627;11,5120275;-6,4756315;-5,2717116;-9,3106023;20,8609272
2022-03-31;32,5245983;3,3234421;-12,173913;16,3149773;4,4709983;-14,4794189;1,2835925;-2,3354467;-1,4084507;-2,1878135;9,6073034;11,0074627;6,930655;7,3447897;12,9692699;-4,9808269;4,6697039;38,6399578;6,9800299;24,9462366;31,1465359;10,1550209;-2,0698138;8,0487094;6,504065;-5,4246966;11,4091764;5,7010786;3,1707273;5,3912375;6,1480651;30,6849315
2022-04-30;-18,0035398;-7,4029912;-13,8613861;-7,017344;-16,1654673;-15,2887882;-14,1444462;-13,1973357;-2;-8,7245322;39,0435968;-12,1680672;-8,3796739;-9,4737069;6,6463364;-4,3347475;4,570185;-9,5057034;-0,9207435;-1,9621343;-6,4983637;-6,7188452;-14,6779852;-7,4491491;-20,1221374;-24;-9,6388196;0,5830904;-30,3670493;5,9405941;-11,0097694;26,8343816
2022-05-31;12,9909905;4,7465;5,7471264;7,4375246;0,4142743;-6,9518717;-7,2926197;-4,8571611;-3,2069971;20,9359677;-8,8823919;-0,1148106;1,0610454;5,5814895;-9,906381;6,2171427;-7,2840791;-6,7226891;-1,8853144;2,4578652;26,25;5,5275418;-3,3502538;0,9756086;3,2110092;-2,7209533;2,4995261;6,5217391;-10,1833062;-3,7383178;-0,5587224;8,9256198
2022-06-30;-12,3294347;-9,3521836;-1,7391304;-0,7829431;-18,3099688;-19,3247126;4,3511257;-12,5482347;-2,4096386;4,0726483;-4,1510691;-11,8773946;-6,2499676;-7,5991699;-16,6666667;-3,2738264;9,4837262;-5,2252252;-7,2801608;-6,1686086;-10,9306931;-2,3344309;-10,5042017;-3,2605322;-29,2592593;-20,6614945;6,2087186;26,8027211;-11,9456816;-1,9417476;-6,7189903;6,9802731
2022-07-31;9,8943858;-7,8725832;3,4292035;18,9421995;0,0112616;-1,6918967;-4,1786284;-4,9183948;-3,0864198;9,9997253;114,5667818;-5,6521739;5,8666232;10,4689131;4,7826087;-2,6981146;-3,1266017;9,1254753;15,5047367;16,1431702;-4,1796354;4,4484765;1,5258216;2,7568922;36,1256545;-5,0437468;-4,2288557;24,4635193;-4,11105;-0,628749;2,6765885;-0,5673759
2022-08-31;-14,1122914;-1,4990216;6,0962567;-2,1235908;-23,3434387;-1,7210145;-0,2330226;-10,9289617;-2,866242;-0,1976869;17,8135174;-12,6728111;-19,3954607;-11,0497238;-8,5062241;2,0094563;-19,7883598;0,261324;-19,253178;-7,672956;-24,4547564;1,1924787;-23,1213873;-16,4634146;-18,7692308;2,5474255;-4,1558442;-23,5344828;-7,3670301;0,5454545;-8,7865878;1,4265335
2022-09-30;-8,1861013;2,711052;-11,0887097;-2,508235;-0,9491525;-7,6497696;-13,5468802;-6,9018405;-6,420765;-8,9106103;-37,7777073;-2,005277;-0,6872685;-6,8322981;-12,2902494;3,5921205;-18,5356201;1,9113814;-12,2007215;7,1525886;3,3169533;-8,5857573;4,6616541;2,189781;-19,5549242;-11,9450317;-11,2466125;5,9751973;19,1155492;-12,5678119;-8,3777304;1,4064698
2022-10-31;6,3502245;7,5023733;4,30839;50,0690943;9,1261693;33,5329341;16,4029332;29,2257002;-8,0291971;4,3477266;42,3109601;-0,7808293;5,5378267;-6,6666667;2,3784902;-5,5928412;-15,5465587;-2,7280477;2,5775121;-2,0979021;-2,4970273;13,8121694;19,5402299;2,8571429;-2,5897587;30,8523409;-6,870229;4,0425532;26,8463074;1,9648397;9,7059993;4,1608877
2022-11-30;15,3799759;6,9688942;7,5;13,1997242;21,053732;17,7877429;4,7745358;6,9607343;-0,3968254;13,1249095;-9,7014925;1,953867;21,6459215;13,2857143;9,8484848;7,8199052;11,409396;18,8431201;18,9002185;11,038961;10,1219512;19,4173498;-1,2019231;27,3611111;10,4531722;6,4220183;8,1967213;-6,9529652;3,0527144;19,8782961;11,1547602;-3,0625832
2022-12-31;11,3434396;0;-1,1122346;0,9369676;9,4559585;-6,0913706;4,8417722;3,0989273;8,7649402;4,6042451;-6,5289256;14,1070003;5,2677014;3,4047919;12,8735632;4,3956044;3,2702238;0,2949853;-1,6232772;-3,5087719;9,3023256;2,4391017;0,243309;0,5452563;-4,04814;-1,2931034;-1,5151515;-5,4945055;-1,023057;-22,6734349;2,5054327;-3,5714286
2023-01-31;-4,9765258;15,8636227;4,5501022;-7,5949367;10,9664694;7,3648649;5,3425898;6,5895954;6,959707;-2,1129241;-6,5428824;2,6358759;15,7742402;0,6097561;6,5173116;6,3157895;12,5;9,4117647;1,0585305;10,2424242;15,1469098;7,1427835;4,7330097;-1,5184382;5,4732041;12,2270742;-4;-3,4883721;7,4668312;9,190372;6,65458;-0,997151
2023-02-28;-6,916996;15,2744853;1,9559902;13,1506849;-9,4205475;3,2095658;-3,6676218;-2,7331887;5,1369863;1,258986;-20,5298013;-19,5681818;8,125;-6,9090909;10,3250478;10,8910891;-4,0740741;0,4032258;2,6802218;0,6597031;-14,7382314;3,0864715;-1,0428737;6,8281938;9,1891892;-11,8677043;-5,6089744;-8,4337349;-4,9669825;-0,3006012;-1,8032985;-0,1438849
2023-03-31;1,6985138;-8,9619317;-9,6402878;17,8369653;-4,0423862;-6,5853659;1,5169542;-4,70562;4,2345277;12,0783554;-14,2857143;9,0421023;11,6570328;-2,9947917;8,1455806;15,1785714;-2,3938224;24,8995984;-12,6312631;4,587657;-7,4303406;-2,2754754;-3,9812646;17,1134021;-8,6633663;-1,7218543;4,0747029;3,0263158;-15,9969789;6,5326633;-2,6131662;-0,7204611
2023-04-30;25,2609603;-6,406254;-0,4246285;-1,9178082;-2,3312883;13,4138381;6,1822444;12,3098526;-3,125;16,0063677;-5;15,9885981;-16,3071613;3,6912752;15,7051282;5,4263566;6,4873418;1,6613076;8,8942308;-13,3159269;-10,4236343;10,171524;-3,4146341;-9,1549296;-1,7886179;10,7367475;10,1141925;4,5977011;1,8701672;6,9811321;7,4045928;0,1451379
2023-05-31;4,3333333;-5,4237288;18,336887;-0,9776536;-12,3953099;1,5251799;-0,3863135;0,2917274;6,1290323;-3,1927687;-13,1578947;2,1224307;-4,742268;-5,5016181;6,9252078;1,6176471;-4,8291233;-12,0716921;-5,0930306;-3,313253;-20,7218419;2,2813952;3,1565657;1,9379845;-10,0441501;-9,6551724;6,5185185;-3,1746032;6,972639;0,2645503;2,922246;0